captured_at,static_rank,team_name,team_id,submission_id,leaderboard_score,episodes,wins,losses,draws,win_rate,win_rate_wilson_lcb95,sample_sufficiency_to_500,selection_score_65_lcb_35_volume,window_censored,archetype,deck_sha256,strict_500_eligible,strict_win_rate_order,mandatory_lumen,meets_200_episode_floor,selected_roster_order,package_name,sample_episode_id
2026-07-22T21:15:27.634743+00:00,1,Majkel1337,16374395,54909711,1227.1,60,48,12,0,0.8,0.6821819419437211,0.12,0.48541826226341867,False,Alakazam / Dudunsparce,3f4515092dc59df397f365a9b79c7cf0c1cb73b9aa38bc47c1b18e9df4c2fdaf,False,,False,False,,rank_001_alakazam_bc,87534435
2026-07-22T21:15:27.634743+00:00,2,LumenLiquidity,16381624,54897360,1159.5,144,99,45,0,0.6875,0.6077537883161783,0.288,0.4958399624055159,False,Dragapult ex / Dusknoir,cb57ce7f37086b07abab9f60dcfcf792a02ee3035a0e87d08afcd0ba8632e0de,False,,True,False,1,rank_002_dragapult_ex_dusknoir_bc,87534465
2026-07-22T21:15:27.634743+00:00,3,junlee789,16422150,54897135,1154.1,139,90,49,0,0.6474820143884892,0.5650678720417956,0.278,0.46459411682716717,False,Cynthia's Garchomp ex / Roserade,c04e65de725b8bb51b25f5dc87ae1c56a01316177c501ee2cfc62b3c60ac5712,False,,False,False,,rank_003_cynthias_garchomp_ex_bc,87534496
2026-07-22T21:15:27.634743+00:00,4,Yudai Ueno,16418623,54895063,1150.5,200,122,78,0,0.61,0.5409374595716976,0.4,0.49160934872160345,False,Cynthia's Garchomp ex / Roserade,c04e65de725b8bb51b25f5dc87ae1c56a01316177c501ee2cfc62b3c60ac5712,False,,False,True,,rank_004_cynthias_garchomp_ex_bc,87534478
2026-07-22T21:15:27.634743+00:00,5,Luca,16448747,54863659,1149.6,92,52,40,0,0.5652173913043478,0.463322463819783,0.184,0.365559601482859,False,Archaludon ex / Cinderace,da1d56e33b96abccedb056d4f8b31da68bfd2c224ade3a4914b5709135aa7535,False,,False,False,,rank_005_archaludon_ex_bc,87531219
2026-07-22T21:15:27.634743+00:00,6,tw_shin,16387915,54809294,1142.5,735,443,292,0,0.6027210884353742,0.566898920163494,1.0,0.7184842981062711,False,Mega Lopunny ex / Mega Froslass ex,dd63244cb42c5002bb2c7e415e8224e3dc8440ee02743f0db22d9d44594a72cc,True,2,False,True,3,rank_006_mega_lopunny_ex_bc,87534471
2026-07-22T21:15:27.634743+00:00,7,Rmy,16425135,54899223,1136.0,176,116,60,0,0.6590909090909091,0.5863314255369132,0.352,0.5043154265989936,False,Marnie's Grimmsnarl ex / Froslass,c20a8a46f5c635773754f03103652f5c534b13dc622448ed2255a97234c103af,False,,False,False,,rank_007_marnies_grimmsnarl_ex_bc,87534484
2026-07-22T21:15:27.634743+00:00,8,THIRD PTCG Club,16372380,54840044,1126.0,901,551,348,2,0.611542730299667,0.5804298391999032,1.0,0.727279395479937,False,Team Rocket's Mewtwo ex / Spidops,71861f2fe5b952d2af37fa02168a81b4f1d7f81ef2c37926035787f7f6110a43,True,1,False,True,2,rank_008_team_rockets_mewtwo_ex_bc,87534476
2026-07-22T21:15:27.634743+00:00,9,Where is my orbit,16454068,54902635,1119.5,67,53,14,0,0.7910447761194029,0.6792819349311753,0.134,0.48843325770526397,False,Mega Kangaskhan ex / Crustle,03822cc73f7886a42fbfe086d205d4a37f24fc65c443ce1574363bbf200542bd,False,,False,False,,rank_009_mega_kangaskhan_ex_bc,87534324
2026-07-22T21:15:27.634743+00:00,10,Yushin Ito,16381823,54773249,1118.3,1000,583,417,0,0.583,0.5521794617220657,1.0,0.7089166501193427,True,Alakazam / Dudunsparce,3f4515092dc59df397f365a9b79c7cf0c1cb73b9aa38bc47c1b18e9df4c2fdaf,True,3,False,True,4,rank_010_alakazam_bc,87534482
2026-07-22T21:15:27.634743+00:00,11,GUOHAOYANG,16445292,54889101,1117.9,117,86,31,0,0.7350427350427351,0.6485333176364495,0.234,0.5034466564636922,False,Marnie's Grimmsnarl ex / Froslass,c20a8a46f5c635773754f03103652f5c534b13dc622448ed2255a97234c103af,False,,False,False,,rank_011_marnies_grimmsnarl_ex_bc,87534480
2026-07-22T21:15:27.634743+00:00,12,HowardLeeTW,16555679,54906723,1114.5,106,71,35,0,0.6698113207547169,0.5757250138573776,0.212,0.44842125900729546,False,Marnie's Grimmsnarl ex / Froslass,c20a8a46f5c635773754f03103652f5c534b13dc622448ed2255a97234c103af,False,,False,False,,rank_012_marnies_grimmsnarl_ex_bc,87534488
2026-07-22T21:15:27.634743+00:00,13,Eduardo Rocha de Andrade,16461850,54909624,1111.5,62,43,19,0,0.6935483870967742,0.5703278379461328,0.124,0.41411309466498636,False,Marnie's Grimmsnarl ex / Froslass,d40724c024c126d5355867bb9e1d7d99950b09efbaceaf01ed2560290b05f358,False,,False,False,,rank_013_marnies_grimmsnarl_ex_bc,87534491
2026-07-22T21:15:27.634743+00:00,14,iwashi,16372828,54858387,1109.1,113,73,40,0,0.6460176991150443,0.5543755190871066,0.226,0.4394440874066193,False,Alakazam / Dudunsparce,f1776ee333fe625be829c895cbea25cf1673250f957e40d6c0b1bd58541cb8e6,False,,False,False,,rank_014_alakazam_bc,87532248
2026-07-22T21:15:27.634743+00:00,15,kashiwashira,16385372,54902221,1104.1,137,81,55,1,0.5912408759124088,0.511185954023581,0.274,0.4281708701153277,False,Team Rocket's Mewtwo ex / Spidops,fba1f87c71154c33646901f5d30c5b1ae187faba6f0605077f36f5897ccdb032,False,,False,False,,rank_015_team_rockets_mewtwo_ex_bc,87534486
2026-07-22T21:15:27.634743+00:00,16,Lunariz,16382207,54901632,1100.8,84,54,30,0,0.6428571428571429,0.5362131509036314,0.168,0.4073385480873605,False,Cynthia's Garchomp ex / Roserade,c04e65de725b8bb51b25f5dc87ae1c56a01316177c501ee2cfc62b3c60ac5712,False,,False,False,,rank_016_cynthias_garchomp_ex_bc,87534650
2026-07-22T21:15:27.634743+00:00,17,Dries @ Tufa Labs,16531269,54896461,1099.4,78,44,34,0,0.5641025641025641,0.45361986570375756,0.156,0.3494529127074424,False,Alakazam / Dudunsparce,0bca0e411910d3771f9fa04d2e784db15e156bf06255fbfdefd823a2bbd00883,False,,False,False,,rank_017_alakazam_bc,87532890
2026-07-22T21:15:27.634743+00:00,18,{{ team_name }},16407428,54900147,1098.1,109,73,36,0,0.6697247706422018,0.5769786271265971,0.218,0.4513361076322881,False,Team Rocket's Mewtwo ex / Spidops,7851bf5595529f83a95321e237751d6fb9088c02c126b67b83cb9bb2d5b1e190,False,,False,False,,rank_018_team_rockets_mewtwo_ex_bc,87534493
2026-07-22T21:15:27.634743+00:00,19,jiatu.l,16397524,54887818,1097.2,212,120,92,0,0.5660377358490566,0.49873251254618656,0.424,0.4725761331550212,False,Marnie's Grimmsnarl ex / Froslass,22a88f292df485391b7927bdcc4d801945e1fbc31236e0d6eb113e3235e9878f,False,,False,True,,rank_019_marnies_grimmsnarl_ex_bc,87535033
2026-07-22T21:15:27.634743+00:00,20,binghua_123,16555678,54905592,1096.8,119,76,43,0,0.6386554621848739,0.5492576585240164,0.238,0.44031747804061067,False,Marnie's Grimmsnarl ex / Froslass,c20a8a46f5c635773754f03103652f5c534b13dc622448ed2255a97234c103af,False,,False,False,,rank_020_marnies_grimmsnarl_ex_bc,87534613
2026-07-22T21:15:27.634743+00:00,21,nasuo445,16371722,54786669,1093.3,420,244,176,0,0.580952380952381,0.5332399411857855,0.84,0.6406059617707607,False,Cynthia's Garchomp ex / Roserade,3f8ee4b51dd39a464b9ca5bbda6c84fad383a50c04ee0c43c74df9a989893c04,False,,False,True,11,rank_021_cynthias_garchomp_ex_bc,87534498
2026-07-22T21:15:27.634743+00:00,22,懒惰的金枪鱼,16386246,54891843,1088.2,71,46,25,0,0.647887323943662,0.5318206221160443,0.142,0.39538340437542885,False,Marnie's Grimmsnarl ex / Froslass,c20a8a46f5c635773754f03103652f5c534b13dc622448ed2255a97234c103af,False,,False,False,,rank_022_marnies_grimmsnarl_ex_bc,87526997
2026-07-22T21:15:27.634743+00:00,23,__Taichicchi__,16400014,54883872,1083.8,333,194,138,1,0.5825825825825826,0.5304812858731327,0.666,0.5779128358175363,False,Marnie's Grimmsnarl ex / Froslass,e2e03fe8ef9592b1204c159a7725da3945675fa872b1e18baca550560503a78e,False,,False,True,13,rank_023_marnies_grimmsnarl_ex_bc,87534667
2026-07-22T21:15:27.634743+00:00,24,youtube.com/@BigBugginnings,16375066,54896186,1083.1,174,100,74,0,0.5747126436781609,0.5004204268335231,0.348,0.44707327744179,False,Dragapult ex,483f0d89f338a87bd99001559cd01424464e3b4d60ed5271c78544a8d45b849f,False,,False,False,,rank_024_dragapult_ex_bc,87535029
2026-07-22T21:15:27.634743+00:00,25,LiamK,16463316,54907538,1079.4,71,51,20,0,0.7183098591549296,0.6045798293119349,0.142,0.4426768890527577,False,Team Rocket's Mewtwo ex / Spidops,203002de844fcbf3c30d9da6cc79f8311eb5bb21685f3841d62b72656676c0fd,False,,False,False,,rank_025_team_rockets_mewtwo_ex_bc,87534686
2026-07-22T21:15:27.634743+00:00,26,Kotaro OKUYAMA,16379968,54834313,1073.1,460,270,190,0,0.5869565217391305,0.5414216880056643,0.92,0.6739240972036817,False,Marnie's Grimmsnarl ex / Froslass,c20a8a46f5c635773754f03103652f5c534b13dc622448ed2255a97234c103af,False,,False,True,5,rank_026_marnies_grimmsnarl_ex_bc,87534506
2026-07-22T21:15:27.634743+00:00,27,SQUIRTLE (prime),16407282,54875820,1071.2,284,162,121,1,0.5704225352112676,0.514054844675357,0.568,0.532935649038982,False,Marnie's Grimmsnarl ex / Froslass,e2e03fe8ef9592b1204c159a7725da3945675fa872b1e18baca550560503a78e,False,,False,True,18,rank_027_marnies_grimmsnarl_ex_bc,87534514
2026-07-22T21:15:27.634743+00:00,28,haggle,16441077,54886942,1069.4,120,80,40,0,0.6666666666666666,0.5783110162063498,0.24,0.45990216053412736,False,Marnie's Grimmsnarl ex / Froslass,c20a8a46f5c635773754f03103652f5c534b13dc622448ed2255a97234c103af,False,,False,False,,rank_028_marnies_grimmsnarl_ex_bc,87535038
2026-07-22T21:15:27.634743+00:00,29,aaa,16378476,54896274,1063.4,105,60,45,0,0.5714285714285714,0.47590324947511736,0.21,0.3828371121588263,False,Alakazam / Dudunsparce,3f4515092dc59df397f365a9b79c7cf0c1cb73b9aa38bc47c1b18e9df4c2fdaf,False,,False,False,,rank_029_alakazam_bc,87534691
2026-07-22T21:15:27.634743+00:00,30,Team Rot-Weiß,16499803,54911612,1063.3,14,10,4,0,0.7142857142857143,0.4535091567010681,0.028,0.3045809518556943,False,Alakazam / Dudunsparce,3f4515092dc59df397f365a9b79c7cf0c1cb73b9aa38bc47c1b18e9df4c2fdaf,False,,False,False,,rank_030_alakazam_bc,87533768
2026-07-22T21:15:27.634743+00:00,31,Pushu?,16389043,54910145,1060.7,52,34,18,0,0.6538461538461539,0.5180355424727014,0.104,0.37312310260725595,False,Alakazam / Dudunsparce,3f4515092dc59df397f365a9b79c7cf0c1cb73b9aa38bc47c1b18e9df4c2fdaf,False,,False,False,,rank_031_alakazam_bc,87535086
2026-07-22T21:15:27.634743+00:00,32,vvhan,16425569,54875468,1060.7,114,62,52,0,0.543859649122807,0.45249119322970244,0.228,0.3739192755993066,False,Alakazam / Dudunsparce,3f4515092dc59df397f365a9b79c7cf0c1cb73b9aa38bc47c1b18e9df4c2fdaf,False,,False,False,,rank_032_alakazam_bc,87529832
2026-07-22T21:15:27.634743+00:00,33,msd0110,16401021,54899938,1059.1,89,55,34,0,0.6179775280898876,0.5141411986237105,0.178,0.3964917791054119,False,Alakazam / Dudunsparce,3f4515092dc59df397f365a9b79c7cf0c1cb73b9aa38bc47c1b18e9df4c2fdaf,False,,False,False,,rank_033_alakazam_bc,87534524
2026-07-22T21:15:27.634743+00:00,34,Vadim Vasilenko,16531877,54791976,1057.5,323,176,147,0,0.544891640866873,0.49037409000377136,0.646,0.5448431585024514,False,Festival Lead / Dipplin,79e43c0a0b83e17a0b5264163000f8b656749d1878141864a863fb34818a1422,False,,False,True,16,rank_034_festival_lead_dipplin_bc,87534515
2026-07-22T21:15:27.634743+00:00,35,NoOne,16417358,54857797,1055.3,222,123,99,0,0.5540540540540541,0.48829997885493015,0.444,0.4727949862557046,False,Alakazam / Dudunsparce,f1776ee333fe625be829c895cbea25cf1673250f957e40d6c0b1bd58541cb8e6,False,,False,True,,rank_035_alakazam_bc,87534518
2026-07-22T21:15:27.634743+00:00,36,pztriatomic,16375173,54908769,1050.9,63,42,21,0,0.6666666666666666,0.5436724114497559,0.126,0.3974870674423413,False,Alakazam / Dudunsparce,3f4515092dc59df397f365a9b79c7cf0c1cb73b9aa38bc47c1b18e9df4c2fdaf,False,,False,False,,rank_036_alakazam_bc,87534049
2026-07-22T21:15:27.634743+00:00,37,Filip Strzałka,16469075,54912078,1050.0,13,10,3,0,0.7692307692307693,0.49743624053272495,0.026,0.3324335563462712,False,Mega Lucario ex / Solrock,c6ca39850d15dce9d006f62585869e901a3339872acf34d52f63e1206bea9b94,False,,False,False,,rank_037_mega_lucario_ex_bc,87534854
2026-07-22T21:15:27.634743+00:00,38,btk15049,16371466,54785331,1049.1,311,175,136,0,0.5627009646302251,0.5071369452783226,0.622,0.5473390144309097,False,Marnie's Grimmsnarl ex / Froslass,e2e03fe8ef9592b1204c159a7725da3945675fa872b1e18baca550560503a78e,False,,False,True,15,rank_038_marnies_grimmsnarl_ex_bc,87533562
2026-07-22T21:15:27.634743+00:00,39,monnosuke,16376465,54879579,1049.0,200,119,81,0,0.595,0.5257971008133869,0.4,0.48176811552870147,False,Marnie's Grimmsnarl ex / Froslass,44034488cbc171e93ff9750c310d61a4713cb505cb455eaa32d2e15965eec618,False,,False,True,,rank_039_marnies_grimmsnarl_ex_bc,87535077
2026-07-22T21:15:27.634743+00:00,40,Tanupro,16378362,54906744,1047.7,56,40,16,0,0.7142857142857143,0.5852474928448334,0.112,0.4196108703491417,False,Mega Kangaskhan ex / Crustle,67cf83ea7e092595551b8cd9668be37903de3beb362b384f21c07b66d0549ff9,False,,False,False,,rank_040_mega_kangaskhan_ex_bc,87533815
2026-07-22T21:15:27.634743+00:00,41,Roman Stupin,16533373,54906631,1045.5,103,66,37,0,0.6407766990291263,0.5446011395690535,0.206,0.4260907407198848,False,Marnie's Grimmsnarl ex / Froslass,c20a8a46f5c635773754f03103652f5c534b13dc622448ed2255a97234c103af,False,,False,False,,rank_041_marnies_grimmsnarl_ex_bc,87535103
2026-07-22T21:15:27.634743+00:00,42,Pokemon Fan,16505594,54897256,1041.2,95,62,33,0,0.6526315789473685,0.5526464467822214,0.19,0.42572019040844394,False,Alakazam / Dudunsparce,3f4515092dc59df397f365a9b79c7cf0c1cb73b9aa38bc47c1b18e9df4c2fdaf,False,,False,False,,rank_042_alakazam_bc,87535151
2026-07-22T21:15:27.634743+00:00,43,NguyenThanhNhan,16381904,54892703,1039.4,86,52,34,0,0.6046511627906976,0.4989772079672809,0.172,0.3845351851787326,False,Cynthia's Garchomp ex / Roserade,c04e65de725b8bb51b25f5dc87ae1c56a01316177c501ee2cfc62b3c60ac5712,False,,False,False,,rank_043_cynthias_garchomp_ex_bc,87528551
2026-07-22T21:15:27.634743+00:00,44,Benarg,16401597,54911556,1038.3,25,16,9,0,0.64,0.44518497748164865,0.05,0.3068702353630716,False,Alakazam / Dudunsparce,3f4515092dc59df397f365a9b79c7cf0c1cb73b9aa38bc47c1b18e9df4c2fdaf,False,,False,False,,rank_044_alakazam_bc,87534892
2026-07-22T21:15:27.634743+00:00,45,Rafael,16382964,54911846,1037.4,15,11,4,0,0.7333333333333333,0.48049565944019434,0.03,0.32282217863612633,False,Marnie's Grimmsnarl ex / Froslass,c20a8a46f5c635773754f03103652f5c534b13dc622448ed2255a97234c103af,False,,False,False,,rank_045_marnies_grimmsnarl_ex_bc,87534862
2026-07-22T21:15:27.634743+00:00,46,대답해드리는게인지상정,16448642,54897104,1036.9,80,48,32,0,0.6,0.49045465005160394,0.16,0.37479552253354254,False,Marnie's Grimmsnarl ex / Froslass,c20a8a46f5c635773754f03103652f5c534b13dc622448ed2255a97234c103af,False,,False,False,,rank_046_marnies_grimmsnarl_ex_bc,87534999
2026-07-22T21:15:27.634743+00:00,47,wwwwwwwwwwwwwwwwwwwwwwwwwwwwww,16464757,54902298,1034.4,64,43,21,0,0.671875,0.5499910584909149,0.128,0.4022941880190947,False,Alakazam / Dudunsparce,3f4515092dc59df397f365a9b79c7cf0c1cb73b9aa38bc47c1b18e9df4c2fdaf,False,,False,False,,rank_047_alakazam_bc,87530747
2026-07-22T21:15:27.634743+00:00,48,Ghleii,16462943,54866812,1034.0,246,141,105,0,0.573170731707317,0.5107036804266203,0.492,0.5041573922773032,False,Alakazam / Dudunsparce,3f4515092dc59df397f365a9b79c7cf0c1cb73b9aa38bc47c1b18e9df4c2fdaf,False,,False,True,,rank_048_alakazam_bc,87535029
2026-07-22T21:15:27.634743+00:00,49,タニシ,16414053,54903537,1033.6,70,50,20,0,0.7142857142857143,0.5994980341827975,0.14,0.43867372221881834,False,N's Zoroark ex,cf7f5259243505476cdfac504b2d8cc2c5c7c4a5c0df234b2115486215a2d516,False,,False,False,,rank_049_ns_zoroark_ex_bc,87533412
2026-07-22T21:15:27.634743+00:00,50,rick & shikitora,16411029,54852769,1033.3,290,155,135,0,0.5344827586206896,0.4769971660434822,0.58,0.5130481579282634,False,Alakazam / Dudunsparce,f1776ee333fe625be829c895cbea25cf1673250f957e40d6c0b1bd58541cb8e6,False,,False,True,19,rank_050_alakazam_bc,87531434
2026-07-22T21:15:27.634743+00:00,51,Budew,16371434,54888784,1033.3,81,56,25,0,0.691358024691358,0.5840194691734774,0.162,0.4363126549627603,False,Mega Kangaskhan ex / Crustle,747769779b60ad8db730b0b238414abb1e47936349cc72c83ff79c2ffacf31bc,False,,False,False,,rank_051_mega_kangaskhan_ex_bc,87529120
2026-07-22T21:15:27.634743+00:00,52,wally0593,16471516,54822733,1032.6,486,256,230,0,0.5267489711934157,0.4823238721936453,0.972,0.6537105169258695,False,Alakazam / Dudunsparce,3f4515092dc59df397f365a9b79c7cf0c1cb73b9aa38bc47c1b18e9df4c2fdaf,False,,False,True,9,rank_052_alakazam_bc,87535135
2026-07-22T21:15:27.634743+00:00,53,MtN,16408528,54901047,1031.5,81,49,32,0,0.6049382716049383,0.4960547732360616,0.162,0.37913560260344004,False,Alakazam / Dudunsparce,3f4515092dc59df397f365a9b79c7cf0c1cb73b9aa38bc47c1b18e9df4c2fdaf,False,,False,False,,rank_053_alakazam_bc,87534503
2026-07-22T21:15:27.634743+00:00,54,213tubo,16371653,54900415,1031.1,90,51,39,0,0.5666666666666667,0.46364097523724423,0.18,0.36436663390420876,False,Alakazam / Dudunsparce,3f4515092dc59df397f365a9b79c7cf0c1cb73b9aa38bc47c1b18e9df4c2fdaf,False,,False,False,,rank_054_alakazam_bc,87534694
2026-07-22T21:15:27.634743+00:00,55,Team KASA.,16372307,54912473,1030.6,2,1,1,0,0.5,0.09453120573423071,0.004,0.06284528372724997,False,Dragapult ex,483f0d89f338a87bd99001559cd01424464e3b4d60ed5271c78544a8d45b849f,False,,False,False,,rank_055_dragapult_ex_bc,87534838
2026-07-22T21:15:27.634743+00:00,56,f,16383019,54906845,1030.5,69,38,31,0,0.5507246376811594,0.4337876750268812,0.138,0.3302619887674728,False,Marnie's Grimmsnarl ex / Froslass,e2e03fe8ef9592b1204c159a7725da3945675fa872b1e18baca550560503a78e,False,,False,False,,rank_056_marnies_grimmsnarl_ex_bc,87535007
2026-07-22T21:15:27.634743+00:00,57,ei ei ei yikuso,16473179,54844722,1030.1,469,265,204,0,0.5650319829424307,0.519816171638351,0.938,0.6661805115649282,False,Alakazam / Dudunsparce,d724460166609141e935e0f095087b9092f1acef624ae7cbc3e1d38fcb954163,False,,False,True,7,rank_057_alakazam_bc,87534114
2026-07-22T21:15:27.634743+00:00,58,palsystem,16406979,54810263,1028.6,459,247,211,1,0.5381263616557734,0.4934779356780164,0.918,0.6420606581907107,False,Team Rocket's Mewtwo ex / Spidops,c5ab79d769793f679c85c5b56dd940300580b4fa4dcdfe9fa3b5a2ba6d14caca,False,,False,True,10,rank_058_team_rockets_mewtwo_ex_bc,87535217
2026-07-22T21:15:27.634743+00:00,59,李秉叡（ntumlnoob）,16536318,54870663,1028.5,186,109,76,1,0.5860215053763441,0.5168949440607137,0.372,0.46618171363946387,False,Marnie's Grimmsnarl ex / Froslass,e2e03fe8ef9592b1204c159a7725da3945675fa872b1e18baca550560503a78e,False,,False,False,,rank_059_marnies_grimmsnarl_ex_bc,87535077
2026-07-22T21:15:27.634743+00:00,60,jp_nerdery,16417863,54912298,1028.3,6,4,2,0,0.6666666666666666,0.299993315138392,0.012,0.19919565483995483,False,Alakazam / Dudunsparce,87bed7987bdc4c0666f0735af0d66ce8d3a1e46155532e1aa68aea1abb85052b,False,,False,False,,rank_060_alakazam_bc,87534847
2026-07-22T21:15:27.634743+00:00,61,WinDecks,16393241,54760878,1027.8,334,180,154,0,0.5389221556886228,0.4853230336870911,0.668,0.5492599718966092,False,Mega Starmie ex / Dusknoir,b15853cdfb8304f39f879638102a7fd161f1102d81e6d3f36d5beca4db9e01b0,False,,False,True,14,rank_061_mega_starmie_ex_bc,87532718
2026-07-22T21:15:27.634743+00:00,62,miya,16388364,54887898,1027.6,102,60,42,0,0.5882352941176471,0.49121758750151573,0.204,0.3906914318759852,False,Alakazam / Dudunsparce,f1776ee333fe625be829c895cbea25cf1673250f957e40d6c0b1bd58541cb8e6,False,,False,False,,rank_062_alakazam_bc,87533929
2026-07-22T21:15:27.634743+00:00,63,Kohecchi,16376598,54904666,1025.0,73,47,26,0,0.6438356164383562,0.5293349749798597,0.146,0.3951677337369088,False,Alakazam / Dudunsparce,3f4515092dc59df397f365a9b79c7cf0c1cb73b9aa38bc47c1b18e9df4c2fdaf,False,,False,False,,rank_063_alakazam_bc,87534051
2026-07-22T21:15:27.634743+00:00,64,tonakaiiii,16420537,54911416,1024.3,24,11,13,0,0.4583333333333333,0.2789133373121098,0.048,0.1980936692528714,False,Dragapult ex / Dudunsparce,bed42a916ab281060eea8f0514231d1f3701fdba90e6639995820d73f99c4b92,False,,False,False,,rank_064_dragapult_ex_dudunsparce_bc,87534921
2026-07-22T21:15:27.634743+00:00,65,ktr,16375635,54872863,1022.8,109,61,48,0,0.5596330275229358,0.4659852332977716,0.218,0.3791904016435515,False,Alakazam / Dudunsparce,f1776ee333fe625be829c895cbea25cf1673250f957e40d6c0b1bd58541cb8e6,False,,False,False,,rank_065_alakazam_bc,87532002
2026-07-22T21:15:27.634743+00:00,66,jneums,16566047,54889085,1022.4,92,59,33,0,0.6413043478260869,0.5394527182418937,0.184,0.4150442668572309,False,Marnie's Grimmsnarl ex / Froslass,c20a8a46f5c635773754f03103652f5c534b13dc622448ed2255a97234c103af,False,,False,False,,rank_066_marnies_grimmsnarl_ex_bc,87531342
2026-07-22T21:15:27.634743+00:00,67,gisgisgis,16555789,54908597,1022.3,64,41,23,0,0.640625,0.5182085060977909,0.128,0.3816355289635641,False,Marnie's Grimmsnarl ex / Froslass,c20a8a46f5c635773754f03103652f5c534b13dc622448ed2255a97234c103af,False,,False,False,,rank_067_marnies_grimmsnarl_ex_bc,87533577
2026-07-22T21:15:27.634743+00:00,68,Orin,16377894,54878551,1021.6,126,79,47,0,0.626984126984127,0.5399596474034482,0.252,0.4391737708122413,False,Cynthia's Garchomp ex / Roserade,cf6f4c21a4d3d3cb1d0d565aa89f25c79e0494630ffa2dc72b48bb48efcaf3bd,False,,False,False,,rank_068_cynthias_garchomp_ex_bc,87533034
2026-07-22T21:15:27.634743+00:00,69,Dieter,16514212,54855203,1019.3,215,112,103,0,0.5209302325581395,0.4543748485450453,0.43,0.4458436515542794,False,Alakazam / Dudunsparce,3f4515092dc59df397f365a9b79c7cf0c1cb73b9aa38bc47c1b18e9df4c2fdaf,False,,False,True,,rank_069_alakazam_bc,87533417
2026-07-22T21:15:27.634743+00:00,70,koala_bear “もりたにあん”,16383917,54836418,1019.2,444,226,217,1,0.509009009009009,0.46374963996711405,0.888,0.6122372659786242,False,Mega Kangaskhan ex / Crustle,747769779b60ad8db730b0b238414abb1e47936349cc72c83ff79c2ffacf31bc,False,,False,True,12,rank_070_mega_kangaskhan_ex_bc,87533449
2026-07-22T21:15:27.634743+00:00,71,cocosu3434,16395413,54907854,1018.2,62,37,25,0,0.5967741935483871,0.47250467700400234,0.124,0.3505280400526015,False,Mega Gardevoir ex / toolbox,3127b307579a0db70b518ac411f65337272ea3160215b9941d637b3f5bfa5083,False,,False,False,,rank_071_mega_gardevoir_ex_bc,87532786
2026-07-22T21:15:27.634743+00:00,72,gecogeco,16406640,54908644,1017.6,63,44,19,0,0.6984126984126984,0.5763962768644041,0.126,0.4187575799618627,False,Mega Kangaskhan ex / Crustle,8037ef9a970a2d5b1fefbea9092def2816111014317d8c6f70e60ae4b5d53588,False,,False,False,,rank_072_mega_kangaskhan_ex_bc,87533593
2026-07-22T21:15:27.634743+00:00,73,Bozo Boys,16399636,54907209,1016.3,70,44,26,0,0.6285714285714286,0.5114720115842712,0.14,0.3814568075297763,False,Alakazam / Dudunsparce,3f4515092dc59df397f365a9b79c7cf0c1cb73b9aa38bc47c1b18e9df4c2fdaf,False,,False,False,,rank_073_alakazam_bc,87532331
2026-07-22T21:15:27.634743+00:00,74,me and the lads,16411724,54908578,1015.4,67,39,28,0,0.582089552238806,0.46269931502979283,0.134,0.34765455476936535,False,Alakazam / Dudunsparce,3f4515092dc59df397f365a9b79c7cf0c1cb73b9aa38bc47c1b18e9df4c2fdaf,False,,False,False,,rank_074_alakazam_bc,87531321
2026-07-22T21:15:27.634743+00:00,75,Timmy Juicehouse,16424674,54877575,1015.3,126,70,56,0,0.5555555555555556,0.46842606320596075,0.252,0.3926769410838745,False,Team Rocket's Mewtwo ex / Spidops,71861f2fe5b952d2af37fa02168a81b4f1d7f81ef2c37926035787f7f6110a43,False,,False,False,,rank_075_team_rockets_mewtwo_ex_bc,87533393
2026-07-22T21:15:27.634743+00:00,76,Haumea,16404960,54901261,1013.4,74,46,28,0,0.6216216216216216,0.5077145897601354,0.148,0.381814483344088,False,Marnie's Grimmsnarl ex / Froslass,e2e03fe8ef9592b1204c159a7725da3945675fa872b1e18baca550560503a78e,False,,False,False,,rank_076_marnies_grimmsnarl_ex_bc,87534514
2026-07-22T21:15:27.634743+00:00,77,cununn,16442659,54909841,1012.9,47,33,14,0,0.7021276595744681,0.5602232608095392,0.094,0.3970451195262005,False,Alakazam / Dudunsparce,3f4515092dc59df397f365a9b79c7cf0c1cb73b9aa38bc47c1b18e9df4c2fdaf,False,,False,False,,rank_077_alakazam_bc,87534436
2026-07-22T21:15:27.634743+00:00,78,Abhiraj Singh,16570624,54900560,1011.6,77,44,33,0,0.5714285714285714,0.46010532061427006,0.154,0.35296845839927554,False,Marnie's Grimmsnarl ex / Froslass,c20a8a46f5c635773754f03103652f5c534b13dc622448ed2255a97234c103af,False,,False,False,,rank_078_marnies_grimmsnarl_ex_bc,87534128
2026-07-22T21:15:27.634743+00:00,79,Kazama Yusuke,16390728,54867826,1011.3,89,54,35,0,0.6067415730337079,0.5028653953994611,0.178,0.3891625070096497,False,Marnie's Grimmsnarl ex / Froslass,c20a8a46f5c635773754f03103652f5c534b13dc622448ed2255a97234c103af,False,,False,False,,rank_079_marnies_grimmsnarl_ex_bc,87533870
2026-07-22T21:15:27.634743+00:00,80,bono,16371427,54901198,1009.7,75,39,36,0,0.52,0.4087421577281785,0.15,0.31818240252331603,False,Mega Kangaskhan ex / Crustle,2036aa09264c8283e2df1939fe0a3254fbb4c7409923492fd7e95d7ab7e20ff2,False,,False,False,,rank_080_mega_kangaskhan_ex_bc,87534114
2026-07-22T21:15:27.634743+00:00,81,MPGaming,16376499,54909483,1009.3,53,32,21,0,0.6037735849056604,0.46941478673205506,0.106,0.3422196113758358,False,Team Rocket's Mewtwo ex / Spidops,84ccea6baafe9f0b8eb8bd97a2f53e4389f508d5a2dc5b88b24c45279b4fd53a,False,,False,False,,rank_081_team_rockets_mewtwo_ex_bc,87535182
2026-07-22T21:15:27.634743+00:00,82,ei1333,16372422,54851676,1008.7,323,172,151,0,0.5325077399380805,0.47803273450948514,0.646,0.5368212774311654,False,Marnie's Grimmsnarl ex / Froslass,1bce920993a6864b1132b8291f4897b48a712272b4269df0dba2c49a7af89454,False,,False,True,17,rank_082_marnies_grimmsnarl_ex_bc,87533877
2026-07-22T21:15:27.634743+00:00,83,e-toppo + kurupical,16371829,54851392,1008.0,168,93,75,0,0.5535714285714286,0.4780371524718798,0.336,0.42832414910672184,False,Alakazam / Dudunsparce,4c250247307118a45a2b02f3cd38e4fa1b8e18ccd0787dfa780d477a78b7ac50,False,,False,False,,rank_083_alakazam_bc,87535042
2026-07-22T21:15:27.634743+00:00,84,Oshbocker,16404352,54891449,1007.0,63,38,25,0,0.6031746031746031,0.4798091851165745,0.126,0.35597597032577344,False,Hydrapple ex / Ogerpon,fb127783f8a4ad8e52124e80c6940c958b64029b0aef75f8361800cfee0face6,False,,False,False,,rank_084_hydrapple_ex_bc,87530343
2026-07-22T21:15:27.634743+00:00,85,theredbluepill,16425934,54890050,1006.5,73,46,27,0,0.6301369863013698,0.5154938517000786,0.146,0.3861710036050511,False,Marnie's Grimmsnarl ex / Froslass,e2e03fe8ef9592b1204c159a7725da3945675fa872b1e18baca550560503a78e,False,,False,False,,rank_085_marnies_grimmsnarl_ex_bc,87528119
2026-07-22T21:15:27.634743+00:00,86,Topdecking is All You Need,16375779,54857425,1006.0,138,83,55,0,0.6014492753623188,0.5180822383990863,0.276,0.43335345495940614,False,Cynthia's Garchomp ex / Roserade,4c5291c627fd385e3a4f48f50dd22bb5d7de697ca7593a8f69a2e79cf1c17421,False,,False,False,,rank_086_cynthias_garchomp_ex_bc,87529257
2026-07-22T21:15:27.634743+00:00,87,Dominic Peel,16514272,54898498,1005.7,74,50,24,0,0.6756756756756757,0.5626529887491833,0.148,0.4175244426869692,False,Alakazam / Dudunsparce,3f4515092dc59df397f365a9b79c7cf0c1cb73b9aa38bc47c1b18e9df4c2fdaf,False,,False,False,,rank_087_alakazam_bc,87528024
2026-07-22T21:15:27.634743+00:00,88,less,16541765,54906016,1005.1,76,45,31,0,0.5921052631578947,0.4797855251743951,0.152,0.3650605913633568,False,Marnie's Grimmsnarl ex / Froslass,c20a8a46f5c635773754f03103652f5c534b13dc622448ed2255a97234c103af,False,,False,False,,rank_088_marnies_grimmsnarl_ex_bc,87534027
2026-07-22T21:15:27.634743+00:00,89,shg195,16374432,54873233,1004.3,148,90,58,0,0.6081081081081081,0.5276775959527483,0.296,0.4465904373692864,False,N's Zoroark ex,5925361e556ca30e70f866fec82e0ec6edbbbb68b3fb00f5ce8f6c542c94395f,False,,False,False,,rank_089_ns_zoroark_ex_bc,87533397
2026-07-22T21:15:27.634743+00:00,90,Larry,16470414,54758108,1004.1,122,55,67,0,0.45081967213114754,0.36537290238803116,0.244,0.32289238655222025,False,Alakazam / Dudunsparce,3f4515092dc59df397f365a9b79c7cf0c1cb73b9aa38bc47c1b18e9df4c2fdaf,False,,False,False,,rank_090_alakazam_bc,87522585
2026-07-22T21:15:27.634743+00:00,91,Aji Samudra,16391514,54911298,1002.5,25,18,7,0,0.72,0.5242339480963842,0.05,0.35825206626264977,False,Team Rocket's Mewtwo ex / Spidops,71861f2fe5b952d2af37fa02168a81b4f1d7f81ef2c37926035787f7f6110a43,False,,False,False,,rank_091_team_rockets_mewtwo_ex_bc,87534896
2026-07-22T21:15:27.634743+00:00,92,capbloo,16391443,54870011,1002.2,108,68,40,0,0.6296296296296297,0.5355697359856004,0.216,0.4237203283906403,False,Alakazam / Dudunsparce,9ebdbd09b3764a1336a28bf100a23f570eb0e85fa0cdd6c059284ca72d59d654,False,,False,False,,rank_092_alakazam_bc,87533549
2026-07-22T21:15:27.634743+00:00,93,Michael Long,16385080,54735721,1001.9,570,290,280,0,0.5087719298245614,0.46781015392008685,1.0,0.6540766000480565,False,Alakazam / Dudunsparce,62e21c58ae2c28a22b68bea6b7f95e0e233372509e263689cc269d00b5bebe21,True,5,False,True,8,rank_093_alakazam_bc,87535114
2026-07-22T21:15:27.634743+00:00,94,Shardul Gharat,16371474,54800676,1001.8,287,153,134,0,0.5331010452961672,0.4753250204876872,0.574,0.5098612633169967,False,Alakazam / Dudunsparce,f1776ee333fe625be829c895cbea25cf1673250f957e40d6c0b1bd58541cb8e6,False,,False,True,20,rank_094_alakazam_bc,87534607
2026-07-22T21:15:27.634743+00:00,95,moya,16399063,54892839,1000.1,70,43,27,0,0.6142857142857143,0.49715735589304233,0.14,0.3721522813304775,False,Mega Kangaskhan ex / Crustle,747769779b60ad8db730b0b238414abb1e47936349cc72c83ff79c2ffacf31bc,False,,False,False,,rank_095_mega_kangaskhan_ex_bc,87529744
2026-07-22T21:15:27.634743+00:00,96,hikarimaru,16376773,54869106,999.7,107,70,37,0,0.6542056074766355,0.5601553246461378,0.214,0.43900096101998964,False,Brambleghast / Comfey,7dff53e2f0060812436279feb311c8600be9adef4618415cf34ad6e2596508bb,False,,False,False,,rank_096_brambleghast_bc,87529203
2026-07-22T21:15:27.634743+00:00,97,Chua Zheng Wei Brian,16382034,54867186,999.3,137,84,53,0,0.6131386861313869,0.5295596160803515,0.274,0.4401137504522285,False,Archaludon ex / Cinderace,6449a1311f0c40a358f0fe63f9cc9f1cceb67f1f9b7f5a255fd7c764bff2cde2,False,,False,False,,rank_097_archaludon_ex_bc,87534527
2026-07-22T21:15:27.634743+00:00,98,mitomeat823,16471628,54411920,999.2,1000,527,473,0,0.527,0.49601123450986134,1.0,0.6724073024314099,True,Mega Lucario ex / Solrock,798608188147ee6641b079f320dfeb03a329452bc1cbc51cc3f8eedb8d53ef2d,True,4,False,True,6,rank_098_mega_lucario_ex_bc,87533464
2026-07-22T21:15:27.634743+00:00,99,NorthStar,16397982,54899176,997.8,73,47,26,0,0.6438356164383562,0.5293349749798597,0.146,0.3951677337369088,False,Alakazam / Dudunsparce,3f4515092dc59df397f365a9b79c7cf0c1cb73b9aa38bc47c1b18e9df4c2fdaf,False,,False,False,,rank_099_alakazam_bc,87533925
2026-07-22T21:15:27.634743+00:00,100,insuperabilehart,16431331,54907796,995.3,59,36,23,0,0.6101694915254238,0.4826634180541162,0.118,0.35503122173517554,False,Alakazam / Dudunsparce,f1776ee333fe625be829c895cbea25cf1673250f957e40d6c0b1bd58541cb8e6,False,,False,False,,rank_100_alakazam_bc,87533037
